<?xml version="1.0" encoding="UTF-8"?>
<!--<msd w="1000" h="1000" x="5" y="5">
              
   
    <instance id="1" name="Instance 1" description="Head 1" sw="1" sf="0" sc="#000000" transparency="none" fillcolor="#ffffff">
        <event description="Event 1" end_mark="M1"/>
    </instance>
    <instance id="2" name="Instance 2" description="Head 2" sw="1" sf="0" sc="#000000" transparency="none" fillcolor="#ffffff"/>
    <instance id="3" name="Instance 3" description="Head 3" sw="1" sf="0" sc="#000000" transparency="none" fillcolor="#ffffff">
       
    </instance>
    <instance id="4" name="Instance 4" description="Head 4" sw="1" sf="0" sc="#000000" transparency="none" fillcolor="#ffffff"/>
   
    <marker id="M1" sw="1" sf="0" sc="#000000" transparency="none" fillcolor="#000000" m="T"/>
   
    <message id="1" description="Messgae 1" Sid="1" Did="26" sequence="1" end_mark="M1" sw="1" sf="0" sc="#000000" fillcolor="#ffffff"/>
    <message id="2" description="Messgae 2" Sid="2" Did="3" sequence="3" end_mark="M1" sw="1" sf="0" sc="#000000" fillcolor="#ffffff"/>                        
    <message id="3" description="Messgae 3" Sid="3" Did="2" sequence="2" end_mark="M1" sw="1" sf="0" sc="#000000" fillcolor="#ffffff"/> 
    <message id="4" description="Messgae 4" Sid="2" Did="1" sequence="5" end_mark="M1" sw="1" sf="0" sc="#000000" fillcolor="#ffffff"/> 
    <message id="5" description="Messgae 5" Sid="3" Did="4" sequence="4" end_mark="M1" sw="1" sf="0" sc="#000000" fillcolor="#ffffff"/> 
    <message id="6" description="Messgae 6" Sid="2" Did="1" sequence="6" end_mark="M1" sw="1" sf="0" sc="#000000" fillcolor="#ffffff"/> 
    
</msd>
-->

<msd>
    
    <instance id="1" name="NAS" description="" sw="1" sf="0" sc="#000000" transparency="none"
        fillcolor="#ffffff"/>
    <instance id="2" name="RRC" description="" sw="1" sf="0" sc="#000000" transparency="none"
        fillcolor="#ffffff"/>
    <instance id="3" name="ENODEB" description="" sw="1" sf="0" sc="#000000" transparency="none"
        fillcolor="#ffffff"/>
    
    <marker id="M1" sw="1" sf="0" sc="#000000" transparency="none" fillcolor="#000000" m="T"/>
    
   <event id="1" eventType="MESSAGE" name="1" description="1.MIB" srcInstanceId="1"
        dstInstanceId="2" sequenceId="1" sequence_number="1" end_mark="M1" sw="1" sf="0"
        sc="#000000" fillcolor="#ffffff"/>
    
    <event id="2" eventType="MESSAGE" name="2" description="2.SIB" srcInstanceId="2"
        dstInstanceId="3" sequenceId="2" sequence_number="2" end_mark="M1" sw="1" sf="0"
        sc="#000000" fillcolor="#ffffff"/>
    
    <event id="3" eventType="MESSAGE" name="3" description="3.rrcConnectionRequest"
        srcInstanceId="2" dstInstanceId="1" sequenceId="3" sequence_number="3" end_mark="M1" sw="1"
        sf="0" sc="#000000" fillcolor="#ffffff"/>

    <event id="4" eventType="MESSAGE" name="4" description="4.rrcConnectionSetup"
        srcInstanceId="3" dstInstanceId="2" sequenceId="4" sequence_number="4" end_mark="M1" sw="1"
        sf="0" sc="#000000" fillcolor="#ffffff"/>
    
    
    <event id="5" eventType="MESSAGE" name="5" description="5.RRC_CONNECTION_INDICATION"
        srcInstanceId="2" dstInstanceId="1" sequenceId="5" sequence_number="5" end_mark="M1" sw="1"
        sf="0" sc="#000000" fillcolor="#ffffff"/>
    
</msd>