<?xml version="1.0" encoding="UTF-8"?>
<gsf xmlns:xsi="http://www.w3.org/2001/XMLSchema-instance">
	
	<gsfComponent scid="1"  scnm="System1" >
		<SystemEntity sctind="SYSTEM1">
			<gsfComponent scid="2"/>
			<gsfComponent scid="3"/>
			<gsfComponent scid="4"/>
			<gsfComponent scid="5"/>
			
			<!--<gsfComponent scid="10" scnm="DB2" scd="local Datastore">
				<SystemDataStore sctind="DATA_STORE">
					
				</SystemDataStore>
			</gsfComponent>-->
		</SystemEntity>
		
		<SystemEntity sctind="SYSTEM2">
			<gsfComponent scid="2"/>
			<gsfComponent scid="3"/>
			<gsfComponent scid="2"/>
			<gsfComponent scid="3"/>
			<gsfComponent scid="2"/>
			<gsfComponent scid="3"/>
			
			
			<!--<gsfComponent scid="10" scnm="DB2" scd="local Datastore">
				<SystemDataStore sctind="DATA_STORE">
					
				</SystemDataStore>
			</gsfComponent>-->
		</SystemEntity>
	</gsfComponent>
	
	
	<gsfComponent scid="2" scnm="Process1" scd="system process " >
		<SystemProcess sctind="PROCESS"/>
	</gsfComponent>
	
	<gsfComponent scid="3" scnm="Module1" scd="system module" >
		<SystemModule sctind="PROCESS"/>
	</gsfComponent>
	<gsfComponent scid="4" scnm="Flow1" scd="information flow" >
		<SystemFlow sctind="PROCESS"/>
	</gsfComponent>
	<gsfComponent scid="5" scnm="DB1" scd="data  store" >
		<SystemDataStore sctind="DATA_STORE"/>
	</gsfComponent>
	
	
	
	<gsfComponent scid="6" scnm="" scd="link6">
		<SystemComponentLink  sctind="LINK" srcCid="1" dstCid="2"/>
	</gsfComponent>
	<gsfComponent scid="7" scnm="" scd="link7">
		<SystemComponentLink  sctind="LINK" srcCid="2" dstCid="3"/>
	</gsfComponent>
	<gsfComponent scid="8" scnm="" scd="link8">
		<SystemComponentLink  sctind="LINK" srcCid="3" dstCid="4"/>
	</gsfComponent>
	<gsfComponent scid="9" scnm="" scd="link9">
		<SystemComponentLink  sctind="LINK" srcCid="4" dstCid="1"/>
	</gsfComponent>
</gsf>