<?xml version="1.0" encoding="UTF-8"?>
<msd >
   
    <instance id="1" name="Instance 1" description="Head 1" sw="1" sf="0" sc="#000000"
        transparency="none" fillcolor="#ffffff"/>
    <instance id="2" name="Instance 2" description="Head 2" sw="1" sf="0" sc="#000000"
        transparency="none" fillcolor="#ffffff"/>
    <instance id="3" name="Instance 3" description="Head 3" sw="1" sf="0" sc="#000000"
        transparency="none" fillcolor="#ffffff"/>
    
    <event id="1" eventType="MESSAGE" name="Messgae 1" description="Message1..." srcInstanceId="1"
        dstInstanceId="2" sequenceId="1" sequence_number="2" end_mark="M1" sw="1" sf="0"
        sc="#000000" fillcolor="#ffffff"/>
    <event id="2" eventType="MESSAGE" name="Messgae 2" description="Message2..." srcInstanceId="2"
        dstInstanceId="3" sequenceId="1" sequence_number="3" end_mark="M1" sw="1" sf="0"
        sc="#000000" fillcolor="#ffffff"/>
    <event id="3" eventType="INTERNAL_EVENT" name="Event 1" description="Event 1..." srcInstanceId="1"
        dstInstanceId="3" sequenceId="1" sequence_number="1" end_mark="M1" sw="1" sf="0"
        sc="#000000" fillcolor="#ffffff"/>
    
    <event id="4" eventType="INTERNAL_EVENT2" name="Event 4" description="Event 4..." srcInstanceId="1"
        dstInstanceId="3" sequenceId="1" sequence_number="4" end_mark="M1" sw="1" sf="0"
        sc="#000000" fillcolor="#ffffff"/>
    
    <event id="5" eventType="INTERNAL_EVENT3" name="Event 5" description="Event 5..." srcInstanceId="1"
        dstInstanceId="3" sequenceId="1" sequence_number="5" end_mark="M1" sw="1" sf="0"
        sc="#000000" fillcolor="#ffffff"/>
    
    
    <marker id="M1" sw="1" sf="0" sc="#000000" transparency="none" fillcolor="#000000" m="T"/>
    
    
    
</msd>